NR_CANDIDATO,NM_CANDIDATO
51151,RICARDO BARRETO DOS SANTOS
55654,JOSÉ MAURICIO BARBOSA LEAL
90513,PAULO ROBERTO MADEIRA VIEIRA
45007,HERMANN OIRAM MORAES CAMILO DA SILVA
28055,ALCIANO DA SILVA MOLEDO
33143,ANGELA BARRETO DE AZEREDO
55012,ELIELSON MACHADO BARRETO
22190,LUIS ROBERTO BRASILEIRO
10333,CHARLES GONÇALVES DE ALMEIDA COSTA
12021,JULIANO MARCELINO DOS SANTOS SILVA
40172,JOZIEL DA SILVA PESSANHA
18318,GILMAR SILVA CALDEIRA
13612,EDUARDO PEIXOTO DA SILVA
55335,NEILTON PEREIRA CORDEIRO
19090,LUIS FERNANDO RIBEIRO PARAVIDINO
20456,MAICON DAS DORES DE JESUS
55000,MARIA AMELIA LOPES RIBEIRO GOMES
14887,FATIMA CORREA BARBOSA
55855,SONIA MARIA MENDES FLOR
51120,IZIDRO BENTO ALVES NETO
14444,DELAINE LODERLLO SARDINHA
90611,NEILTON VIRGILIO DE SOUZA JUNIOR
33800,NELSON FRANCISCO MATOS FILHO
45013,LENIMAR MACHADO SOARES
27888,FABIANO VICTER ZANELA
14016,JEAN CHANTRE BARCELOS
23400,JACIRA ALESSANDRA MARTINS E SOUZA PRESTES
36031,CHRISTIANO FIGUEIREDO MACIEL
70321,RONALDO CALDAS FARIA
27166,JOCILEA FERREIRA FARIA DO NASCIMENTO
23045,VERA LUCIA SARDINHA DE AZEREDO
25134,VALDINÉA DUARTE TERRA
90100,JOEL DA CONCEIÇÃO DA SILVA
36999,UILSON DE SOUZA MONTEIRO
27200,VIVIAN GONÇALVES BAIA NEVES
40440,ALEXANDRE VALENTIM
14441,MARCIO FILIPE DOS SANTOS ARAUJO
13985,PATRÍCIA DIAS COELHO
35022,ELISALDO JOSE GOMES DE OLIVEIRA
25123,JOILZA RANGEL ABREU
25777,FABRICIO TAVARES ALVES
22737,ANA CRISTINA SOUZA DE OLIVEIRA
22888,FLÁVIA FARIA DA CONCEIÇÃO
45177,AMANDA MOURA PINHEIRO
35789,ORLANDO FELIPE DA SILVA
90055,LUCAS DE SOUZA SIQUEIRA BARRETO
10200,CLAUDIO ROBERTO SILVA
10270,DAMIANA DAS DORES MACHADO
28515,RALPH LEANDRO MATOS XAVIER
45555,WALMIR FILHO DOMINGUITO DE LIMA
12111,VICTOR HUGO DO AMARAL RIBEIRO
65007,NOEMIO RIBEIRO SAMPAIO
15444,DOUGLAS JÚNIOR MOÇO DA MOTA
18028,GERLANE SÁ DE SOUZA
10123,ANDERSON DE MATOS RIBEIRO
17170,VANDERSON BORGES VIANA
36016,KLEBER RODRIGO BARBOSA
35765,ANGELO LACERDA DE BARROS
40620,JORGE RICARDO GOMES DE SOUZA
45045,FRANCISCO DE ASSIS PEREIRA RANGEL
10634,LUCELIA ROSA MENDES DA SILVA
22033,JOÃO PEDRO DOMINGUES CAMPANELLI TAVARES DE PAULA
17999,MAICON HENDRIGO TAVARES DOMINGUES
23159,ELIFELETE FIRMINO DA SILVA BASTOS
27444,JOÃO LUIZ PEREIRA MACHADO
77707,ALINE GOMES NEVES
28001,VANILCE HENRIQUES DE ALMEIDA
70222,JANE CRISTINA DA SILVA ROSA MOREIRA
20321,MARCIA PINTO JORGE SALES
18518,RENATA DE SANTANA
36530,ROLDINEI DUMAS DA SILVA GAMA
36222,LIVIA CRISTINA LEANDRO DA SILVA NASCIMENTO
55007,ADRIANA VIANA GAMA
22010,JOSE AUGUSTO DE AZEVEDO
12999,SUELY DA SILVA CARVALHO FERREIRA
12555,JOSE CARLOS DIAS DA SILVA
65065,ROBSON CORDEIRO DOS SANTOS
22350,GLEYSON DA SILVA RIBEIRO
23777,JOSE CARLOS GONÇALVES MONTEIRO
40318,JULIANA SILVA ROSA
22612,CRISTINA HELENA DO NASCIMENTO
36475,ELIZANGELA MEDEIROS DE ALVARENGA
22666,ROSILDA AZEREDO DA GAMA
23455,MARIA DA PENHA MAGALHÃES RANGEL
70555,DENISE RANGEL DE SOUZA BARBOSA LEMOS
36000,ALESSANDRO PEREIRA DE CARVALHO
15015,MATHEUS DE JESUS BARRETO DE SOUZA
23555,RODRIGO CONCEIÇÃO AMARO
22003,EDUARDO RIBEIRO DUARTE
19368,JOMAR ALMEIDA
12888,CLAUDIA MOURA  GOUVEA GOMES
70462,ADRIANA SALES PAVUNA
23173,CARLOS AUGUSTO BARRETO JUNIOR
14321,FERNANDO ANTONIO LEITE CABRAL LOUREIRO
77888,SARA ROCHA FERREIRA
19955,ROGÉRIO GUSMÃO NUNES
28601,EVILAZIO BATALHA DA CRUZ
70020,GLEICIANE ELISA PEREIRA
65000,PATRICIA DA PAIXAO DO PRADO
10234,EUZINEA NOGUEIRA LOBO FARIA
55678,JADEIR HILÁRIO DE SOUZA
22012,ANDRE DA SILVA FERREIRA
22001,ROSANGELA CARDOSO DA SILVA
36036,SALVADOR PEREIRA DA CONCEIÇÃO
36720,CÉSAR ROMERO COSTA DA SILVA
77000,IGOR GOMES DE AZEVEDO
12135,JURANDIR PEREIRA NETO
51333,EDMAR DAMAS PESSANHA
25133,VERA LÚCIA LINHARES GOMES
90990,MARCOS ANTONIO GALDINO DE SOUZA
40234,RALPH RONI CLEMENTE MIRANDA
45621,RICARDO AMARAL DOS SANTOS
13613,LUCIANA DAMA DE AZEREDO
65118,CARLOS AUGUSTO ALVES DE OLIVEIRA
51001,NILO CÉSAR SALES MANHÃES
15007,JÚLIO CÉSAR ARENARI
20789,WAINER TEIXEIRA DE CASTRO
70789,IGOR PELEGRINO ABREU PINTO
55015,HELEN OLIVEIRA DO ESPIRITO SANTO E SAMPAIO ARAUJO
40100,WILLIAM JOSÉ ROSA
70040,WAGNER OLIVEIRA BATISTA DA SILVA
10357,DAMIANA RIBEIRO DA CONCEIÇÃO
17002,JEFFERSON DA SILVA FRANCISCO
18555,LEONARDO DE ANDRADE LEMOS
20316,JOÃO JOSÉ NUNES DOS SANTOS
15888,AMY BARBOSA COSTA FILHO
35241,SHAIANY BATISTA BARCELOS
25222,ROSANGELA MOREIRA DE AZEVEDO
27456,SABRINE DA SILVA
50180,RAFAELLY DE LIMA GALOSSI DA SILVA
12123,CRISTIANO AZEREDO DA SILVA
55144,ADRIANO DA SILVA RODRIGUES
90190,LUIZ CARLOS MARQUES MACHADO
55321,GILBERTO FIRMINO COUTINHO JUNIOR
70456,DANIEL QUEIROZ NASCIMENTO
45010,FABIANA MARIA PINHEIRO DE SOUZA
12200,LUCIANO TAVARES DO ESPIRITO SANTO
90313,MARIA AUXILIADORA FREITAS DE SOUZA
65765,JOSÉ BARBOSA DOS SANTOS NETO
12666,ALESSANDRA EMILIA CRUZ MARTINS
90690,ILBENIR PESSANHA CRESPO
20050,ELIAS DA SILVA LIRIO
22077,THIAGO BRAGA DE JESUS
10029,JOLUANE SILVA ROCHA
10770,FRANCINY SANTOS DA SILVA
70999,RITA DE CÁSSIA ARMINDO DA SILVA
40017,VIVIANI DE FÁTIMA MANHÃES MENDONÇA
36987,CARLOS MAGNO FARIA
70181,JEFFERSON CAMPISTA DA SILVA
70890,CRISTIANO MONÇÃO RANGEL
28898,IVANILDA BARBOSA DE OLIVEIRA STELLET
17950,REGINA MARIA ANDRADE BORGES
10007,ÉDINA DOS SANTOS GOMES
33789,GEISON RANGEL VALERIO
13516,ANTÔNIO CARLOS ROSA MARTINS
18963,JOÃO CARLOS SOARES BRAGA
90890,LUCIANA TRINDADE DE SOUZA SILVA
45678,LEONARDO BARBOSA FERNANDES
70000,JOSÉ SALGADO NETO
18473,KEILA CRISTINA COELHO DA SILVA MACHADO
28333,MARIA HELENA DE OLIVEIRA BORGES
55025,FRANÇOISE DA SILVA CIAFRINO
10300,LUCIANO SILVA DOS SANTOS
77700,BRUNO FABIANO RIBEIRO CARVALHO
55567,JEAN MARCOS DE PASSOS CUNHA
20022,VANILDA RANGEL CARVALHO
23100,VICTOR FLÁVIO MONTALVÃO OLIVEIRA
45455,SIMONY DE JESUS CARVALHO
12277,MARCOS PAULO DA SILVA SANTOS
90122,JULIA AUXILIADORA RIBEIRO DE SOUZA LAMÔNICA
19222,ORLANDO JÚNIOR SOARES DOS SANTOS
28222,PIERRE ERNEST BARBOSA CHENU
19500,HOSANA MARIA ROSA SANTOS
19800,DANIELE MIRANDA BARRETO
36592,EDIVA DA CONCEIÇÃO FERNANDES
27999,ELIANA LISBÔA CORDEIRO
25666,WEDERSON LUIZ DA SILVA MEDEIROS
14445,LUIZ CARLOS MIRANDA MACHADO
90028,SOLANGE DO ESPIRITO SANTO PESSANHA
19234,LEONARDO RIBEIRO PESSANHA
12108,THAIS TOSTES BERETA
15222,JOSILANE NUNES DO ESPIRITO SANTO
17136,ELENICE SOUZA ARAUJO
23123,CARLOS FREDERICO MACHADO DOS SANTOS
40777,FÁBIO DE AZEVEDO ALMEIDA
19020,MAIKON CRUZ ARCÊNIO
55255,PAULO SERGIO DE MORAES
14500,ALIRIO ALMEIDA DA SILVA MENEZES
20219,JOCIELMA RODRIGUES FERNANDES GOMES
19100,REISIMARA DE SOUZA ARÊAS
28322,OLDIAS CATARINA DE OLIVEIRA
45111,PEDRO FLAVIO PEREIRA SIMOES
22365,BERNARDETE  SANTOS DE OLIVEIRA
12369,DEISE CAMILO ASSIS
36567,GERALDO ROBERTO SIQUEIRA DE SOUZA
17111,FERNANDO PINHEIRO ANDRADE
23111,LEANDRO DA SILVA NUNES
65850,MARCOS ANTONIO GONÇALVES AGUIAR
19555,LUIS MAURÍCIO SOUZA AGUIAR
45022,CLODOALDO APARECIDO VIEIRA
36125,LUCIENE DE SOUZA CARVALHO
27193,DAVID MOTTA CHAGAS
27100,ALZURENE CALDEIRA DOS SANTOS JUNIOR
14554,GRACILEA DA SILVA VIVEIROS MOREIRA
55380,WANDO OLIVEIRA DE PAIVA
23456,CINTIA CRISTINY MARTINS BARRETO CARVALHO
77110,ROMARO DA CONCEIÇÃO AMARO
19110,RITA DE CÁSSIA SIQUEIRA FERRAMENTA
28444,FABIANO BOTELHO PESSANHA
55655,VALTER MARTINS DE SOUZA JUNIOR
17680,NILDO NUNES CARDOSO
35058,RAFAELA ANDRADE GONÇALVES
10600,CARLA ARAUJO FRANCISCO PEREIRA
23333,RAFAEL FERNANDES COELHO DE SOUZA
17347,CAMILA SILVA DOS SANTOS
70100,JHONI BARROS DA SILVA
18169,PATRICIA DOS SANTOS GONÇALVES
25033,ELTON SIQUEIRA CARVALHO
70067,LEILA VERÔNICA SILVA
35000,ELIMAR NOGUEIRA VIEIRA
36555,CARMEM SHEILA SOARES FERREIRA
12345,GLAUCIA MARIA BARRETO SILVA
17900,CARLOS DE QUEIROZ MORALES BENTACOR
55122,KETLELYN SARA DE MELO BASTOS
28555,ELMIRA GOMES RIBEIRO
19111,CARLOS ZALBERTO BOA MORTE FILHO
77025,LUCIANA DOS SANTOS GOMES
27777,JORGE WILLIAM MANHAES VIRGILIO
18123,THIAGO MIQUILITO MANHÃES
10020,ROSIMEIRE DOS SANTOS MIRANDA MACHADO
55555,ADRIANA VILAÇA VENANCIO RIBEIRO
25013,EDILSON DE CASTRO PEREIRA
14114,DALMIR DA SILVA BARRETO
17727,ERENILDA VALETIM CARVALHO
14300,MOISES DA SILVA BERNARDO
14900,SELMA BORGES DA SILVA
20145,JOSE GERALDO ALMEIDA DA SILVA
25456,MARCELO BARBOSA COUTINHO
18050,RONALDO BARCELOS DE ARAÚJO NETO
17018,GILMARA GOMES DOS SANTOS
27077,JOANA D ARC DA SILVA ROSA
23888,EDERSON APARECIDO OLIVEIRA BRAGA
36666,JOILÇA DE OLIVEIRA GONÇALVES DA SILVA
28456,KENNYA DA SILVA OLIVEIRA
20123,ROSILANI VIANA RANGEL TAVARES
20128,GILSON PACHECO DE LIMA
27007,THIAGO NOGUEIRA SANTOS
28233,VANDERLEI GOMES RANGEL
65165,ROSIMERY DOS SANTOS PRACHETES
20193,PAULO CESAR DA SILVA RODRIGUEZ
14001,ERIVANIA DE ARAUJO SANTOS
36480,MARUZA FERREIRA ALVARENGA
17019,MALVELIANE DA PENHA OLIVEIRA
15500,INGRID DA CONCEIÇÃO SOFIA
20055,ELMA DE SOUZA SANTOS GOMES
70234,RAFAEL RIBEIRO CÂNDIDO
45145,ANDERSON DE AZEVEDO GOMES
22120,JOSE AMARO MACIEL FILHO
15615,JOSE ORNIS ROSA
77153,FABIO VASCONCELLOS CARDOSO
19599,DENISE TINOCO SEIXAS DE ALMEIDA
77733,AMARO SIQUEIRA REIS JUNIOR
23029,CLEYSE REGINA DA SILVA NEVES
55234,WELLINGTON MANHÃES DOS SANTOS
50123,CRISTIANO DA MATTA FERREIRA
20888,MARIANGELA CRISTINA RANGEL BORGES
35562,ENOCH JESUS DOS SANTOS
10971,ADILSON DE SOUZA MARTINS
13479,RITA DE CÁSSIA MACEDO DA SILVA
15981,ALESSANDRO DE SOUZA PINTO
17200,ROSIMEIRE DE JESUS DOS SANTOS LOPES
70190,AUGUSTO CÉSAR MACHADO MACEDO
18718,EDMUNDO SIQUEIRA
36265,ANTONIO CARLOS CHAGAS FERREIRA
45190,JEAN CARLOS BARROS BARRETO
20120,MARCOS ELIAS ESCAFURA DA SILVA
33433,ARCANJO  GOMES DOS SANTOS
65556,WILSON MARQUES LOPES DOS SANTOS
36123,JOSE CLAUDIO DE OLIVEIRA
28855,EDUARDO JOSE PEREIRA DE SOUZA
25155,LILIANE LIMA DO COUTO
51033,WILLIAN ALONSO DA SILVA
18171,ANGÉLICA CRISTINA BALBINO
22444,VANUSA RIBEIRO DE SOUZA FILHO SALLES
65680,ALEXANDRE SAID DELVAUX
90212,TANIA MARIA RODRIGUES BORGES ABÍLIO
65124,JOSÉ ANTÔNIO LÍRIO CODEÇO
22606,MARIA LUCIA FREMIANO PINTO
65666,ANGELA MARIA BARBOSA PEIXOTO SANTOS
90146,CELSO SILVA AREAS
23133,PATRICIA DE MORAES
19777,PAULINO RIBEIRO NUNES
18018,ROGACIANO FRANCISCO SOARES DA SILVA
22321,SERGIO LUIS BARRETO PESSANHA JUNIOR
36111,LARISSA SILVA MARINHO
90192,ROBERTO NOGUEIRA GOMES MARTINS
10100,PABLO VICTOR FÉLIX DA CRUZ
12000,ODETE PEREIRA DA ROCHA
90155,DIONILSON MOREIRA VICENTE
25000,JOSUÉ PINTO GOMES
10318,NILO DYSON MONTEIRO PESSANHA
23999,DERLEY MARTINS NUNES
23459,MARCOS ANTONIO DE ABREU FRANÇA
10051,RENAN DE OLIVEIRA
19633,JONATHAN WILSON MEDEIROS LIMA
17220,JOSE ROBERTO LOPES BARBOSA
12224,UBIRANDI SANTIAGO DA SIVA
19519,FRANCISCO JOSÉ DE SOUZA HIGINO
22000,CRISTIANO OLIVEIRA GOMES
25007,RALPH LUIZ DA SILVA IBRAIM
15999,MARCUS DE OLIVEIRA FERREIRA
12444,ALTAMIR  BARBARA JUNIOR
27190,EDUARDO OLIVEIRA DOS SANTOS JUNIOR
20313,HERVAL GOMES MONTEIRO FILHO
13222,PAULO LUIS DA SILVA
23224,JOSIMARIA DA SILVA TAVARES
15051,NELMA MARQUES VELOSO
90900,LUÍS AUGUSTO ALVES TEIXEIRA
23708,LILIANE SIMÃO DA SILVA MANHAES
33335,ENES PAES DA SILVA FILHO
27333,CAMILA DAVID DE SOUZA MARQUES MAGALHÃES
28200,GERUZA DE SOUZA NASCIMENTO
70177,ANAMÁLIA DIAS MIRANDA
35222,SIDINEY DE SOUZA PEREIRA
22222,JORGE LUIZ MACHADO GARCIA
19190,ALONSIMAR DE OLIVEIRA PESSANHA
17051,EDELVIS MARCIO RISCADO DIAS
36267,ANA BEATRIZ JACINTO
33126,JOELSA CARLOS DA SILVA RIBEIRO
27195,CRISTÓVÃO PEREIRA MOTHÉ
22050,RODRIGO DOS SANTOS PEDROSA
33300,ROMILTON FERREIRA CAMPOS
36888,MAURICIO ALVES DOS SANTOS
20222,EUCIMAR RAMOS PESSANHA
23500,ELIANA DE SOUZA  SCHULS
51789,ABEL COSTA DA SILVA
28999,ROSANGELA LAMONICA DE SOUZA
17444,LUIZ ANTONIO DE AZEREDO
33243,LUIZ ROBERTO DE SIQUEIRA FARIA
55551,VALDINEA SALES RANGEL
36789,HELIO MONTEZANO DE OLIVEIRA NETO
70159,FRANCISCO CARLOS VIEIRA
13579,LUIZ AUGUSTO NOGUEIRA
20190,JACKSON LUIS JESUS DE SOUSA
55456,ANDERSON RANGEL BORGES
51051,MARON RANGEL GALAXE
28133,EDUARDO LUIZ GOMES PERCILIANO
55777,ADRIANO CORDEIRO ALVES
15400,ELIZABETH CORDEIRO SILVA
22022,ADALBERTO TEIXEIRA GOMES
40222,JORGE LUIZ LILARGEM LOPES
22223,JORGE LUIZ DE SOUZA
12567,EVALDO PEREIRA DE ANDRADE
35111,FRANCISCO CARLOS FARIAS BERNARDINO
33999,JOSÉ PEREIRA BARRETO
15148,JOAO BATISTA GAMA PEREIRA
20000,LUIZ EDUARDO DE CAMPOS CRESPO
40111,ALDEIR BARROSO
55155,SANDRO FIGUEREDO SILVA
36133,ROGER CRESPO DE AZEVEDO RANGEL
51013,MARCIA GOMES DA SILVA
25112,JULIO CESAR AMARAL DOS SANTOS
33012,SERGIO LOPES DA GLORIA
19000,DIEGO DIAS BATISTA
70670,ABDU NEME JORGE MAKHLUF NETO
15000,JORGE LUIZ DE OLIVEIRA MARTINS JUNIOR
13456,JOSÉ MARIA FERREIRA RANGEL
28027,SEBASTIÃO CARLOS PESSANHA DE AZEREDO
17017,ROGERIO HADDAD LATERÇA
33120,FRANCISCO DE ASSIS MANHÃES BARRETO
25888,ANA MARIA ALVES PESSANHA
51456,ROBERTO UCHOA DE OLIVEIRA SANTOS
19123,JOSALVO BORGES DOS SANTOS
90614,EDSON BATISTA
70633,JERSON GRACE FARIA BARBOSA
27009,RENATA BAPTISTA DE ALMEIDA
19145,ANA MARIA RODRIGUES RODRIGUES BARRETO
12013,IZAEL ANDRADE DIAS JUNIOR
25333,ROSIMERY ALVES DE SOUZA MAURICIO
90735,FRANCISCO CARLOS GOMES ROSÁRIO
36367,PAULO HENRIQUE AZEREDO RANGEL
70333,PEDRO PAULO MIRANDA
70006,RENATA DA SILVA FRANÇA CORREA
77111,MONA LISA BATISTA RAMOS DE OLIVEIRA LEÃO
19170,RICARDO CARDOSO
25678,HELIO DA COSTA FILHO
90977,SANDRA MARIA VENÂNCIO BARRETO
10128,JOECIO GOMES PEREIRA
90222,RAFAEL LEITE PAES DE ABREU
77554,CLAUDIO GOMES FERREIRA
12612,IVAN SILVA MACHADO
77251,NATHALY MOREIRA
51040,BRUNO ALVES SANTANA
22221,FELIPE EDUARDO DA SILVA
45620,LUIZ CARLOS GOMES MORAIS
51123,DENILSON RANGEL BARRETO
35252,JEFFERSON LUIZ AZEVEDO DA SILVA
18000,LEONARDO CASTELO DE OLIVEIRA
18450,JOÃO MARCOS DOS SANTOS RANGEL
23012,CARLOS AUGUSTO PAES RANGEL JUNIOR
55333,EVANILSON RIBEIRO MACHADO
18732,MARILENE PEREIRA DA CUNHA
45000,FELLIPHE OLIVEIRA BARBOSA
51127,LUCIANA SOARES MARQUES
40977,JOSÉ ROBERTO DE ARRUDA FILHO
14400,CHRISTOVAM GUILHERME NARKEVICS BAYER
18118,LUCIANA DAS NEVES SILVA
28733,JOSE VANDERLEI DE AZEREDO PEREIRA
20999,RENAN SILVA DA SILVEIRA SOUZA
22333,ALCIR MARCOS RIBEIRO
15003,ODVAN GOMES SILVA
55258,FABIO AUGUSTO VIANA RIBEIRO
77007,SIVALDO LOPES NOGUEIRA
23056,MARCELO VIVORIO ALVES
28014,FRANCISCO BARROSO FERNANDES
36100,ATILIO CESAR MONTEIRO DE SOUZA
19021,JULIANA PACHECO MATIAS
28888,FRANCISCO PEREIRA JUNIOR
15220,MARCO ANTONIO CRESPO ALVARENGA
25250,WAGNER PEDRO
14222,LUCILIA DAMACENA SOUZA GOMES
77017,CLEBER MAURICIO DA SILVA HERMES JÚNIOR
22777,BRUNO FERNANDO SANTOS DE AZEVEDO
22789,RONALD CAMPOS MANHAES
36333,PAULO MOISES LEAL MARINS
10126,LUIZ FERNANDO ALMEIDA DUARTE
90233,ALAN LEITE FRANÇA
45222,THIAGO ALMEIDA NAVARRO
14700,GUSTAVO MENDES PORTO ISSA
33100,MILTON PEDRO LEMOS
27789,EDSON DOS SANTOS FARIA
10321,PATRICIA PEREIRA TARABAI
45333,EDILANE ANDREA REIS FRANCISCO
15777,FABIANO VIEIRA DE OLIVEIRA AZEVEDO
22345,VALDINEI DA SILVA FILHO
20070,GLAUTER NOTENOS DE MEDEIROS
28000,LEONARDO RIBEIRO OLIVEIRA GOMES
28128,MAURICIO DE OLIVEIRA BARRETO
40011,PATRÍCIA ABREU SILVA
51300,ERICA VIANA DE SOUZA
23192,ANA ANGELICA FONSECA DE SOUZA
55666,NILCEIA GRAÇA MOÇO RIBEIRO
19600,RONALDO VINÍCIUS SOARES
23000,ANTÔNIO FRANCISCO SOARES DE SIQUEIRA FILHO
12140,MARCOS ALCIDES SOUZA DA SILVA
14888,BRUNO GOMES DA SILVA
14333,ROSEMARY BASTOS GOMES
77555,FÁTIMA REGINA FERREIRA SANTOS
28359,CAMILA SARDINHA DUTRA
18333,GUSTAVO DA SILVA ALVES
19637,VALDINEI GOMES BARRETO
90444,JOSIANE LIMA BORGES VIANA
33888,MANOEL DA SILVEIRA DUTRA NETO
70077,CARLOS HENRIQUE PESSANHA TAVARES
23033,JORGE ELIAS BICUDO
15600,TAÍS CRISTINA PINTO SARAIVA
33111,EREILMA DE SOUZA SANTOS
17192,AGUINALDO CORDEIRO PEREIRA
22678,ALESSANDRO OLIVEIRA DA CONCEIÇÃO SANTANA
55222,LEONARDO BRAZ DOS SANTOS
45622,JEFFERSON PINHEIRO DE SOUZA
90153,UOXINTON LUIS JOSÉ DE SOUZA
17018,ELLEN BASTOS RANGEL
10500,RICARDO ROSA NASCIMENTO
12978,TERESINHA LÚCIA DE OLIVEIRA NEVES
19513,CELMA ROSA DE CARVALHO
18218,GILSON DA SILVA DE JESUS
33377,ALESSANDRO PESSANHA FRANÇA
19888,CHARLES RODRIGUES DE CARVALHO SCIAMMARELLA
35707,JESUÉ RANGEL COIMBRA
35678,ANA CLEIDE MEDEIROS GOMES
65553,BIANCA DE SALES QUINTANILHA
33179,EUDES AVELINO DIAS
77777,JORBERTO SODRÉ
36678,JONAS PEIXOTO MANHÃES
25477,MARCELLE ALMEIDA PINHEIRO CAETANO
40012,EDSON DA SILVA TEIXEIRA
33000,ZACARIAS TEIXEIRA PEREIRA
55221,NILTHON MOULIN PONTES FILHO
77250,LUCIANA MOTHE DO NASCIMENTO
23190,ROSEMARY JORGE GONÇALVES
45777,ELIETE ARAUJO DO ROSARIO PEREIRA
14010,DAYVISON DA SILVA MIRANDA
40153,ALCI SILVA DE SOUZA JUNIOR
15250,FABIANA MANHÃES PACHECO
23013,ANA LUCIA ALVES TEIXEIRA
33457,AMARILDO DOS SANTOS
17777,JEAN CARLOS DE ALMEIDA GODINHO
40999,PABLO LOBO GOMES
36007,PAULO CESAR PAES FERNANDES
17222,ANDERSON SOARES DA SILVA
55789,GEDSON JERONIMO RANGEL
17022,ERICA DOS SANTOS BARBOSA NOGUEIRA
55055,FREDERICO DE MATTOS RANGEL
19444,CARLA DE ABREU DIAS
28624,ALDA VALERIA CARVALHO DA SILVA FRANÇA
33333,PAULO ROBERTO ROCHA
33777,LUCIANE GOMES DE CARVALHO
35055,CARLOS MAGNO PAES JACINTHO
10777,LUCIMARA BATISTA DOS SANTOS
12190,WALMAR BOLCKAU FERREIRA
25880,MARCIONE DA COSTA FAQUER
33321,FRANCIMAR DE ARAUJO GOMES
22123,RONEI DA PENHA SILVA
40110,CARLOS ALVES DO NASCIMENTO
14999,CLAUDIO LUIZ GUILHERME MARINS
22999,ELISANGELA DE ABREU AZEVEDO DA COSTA
51111,DÉBORA JOVENTINO RIBEIRO SILVA
28776,PATRICIA MARIA SILVA AZEVEDO RAMOS
70255,UROBISON PEREIRA GOMES
22111,RODRIGO GOMES MOÇO
35121,ALESSANDRA FERNANDES DE ALMEIDA SCHWARTZ
51251,ALESSANDRO BARBOZA BAIENSE
18618,JOSÉ MAURÍCIO DA SILVA RANGEL
22125,EDELVANDA GOMES CABRAL
10222,WAITER PESSANHA FULY
77100,CARLOS ALBERTO GUIMARÃES
20147,JOSE FREITAS DA SILVA
19789,JOSÉ RENATO DE OLIVEIRA DE MATOS
28567,DIOGO FERREIRA DE OLIVEIRA
77889,GERALDO VIANA DIAS
20889,THAYANA DA SILVA RISCADO
33633,HELIO PESSANHA
40638,ERALDO RIBEIRO
70210,JOÃO ACÁCIO FILHO
65789,JOSE RICARDO GOMES FELIZARDO
17800,FABIO VIGNERON PESSANHA
14123,ANNA KARINA VIEIRA DE AZEVEDO Y OVIEDO
22077,MARCOS AURÉLIO DA SILVA VIANNA
20111,NALTO MUNIZ NETO
19200,ANTÔNIO CARLOS ALVES DE MORAES
45115,LUCIANA DELGADO ONORATO
33345,ROMARIO DE OLIVEIRA RAMOS
15333,WELLINGTON ROELES DE SOUZA
20020,JONAS DE SOUSA OLIVEIRA CASTELLAR
23153,LEONARDO DE ALMEIDA LIMA
51222,PAULO MARCELO RIBEIRO DA SILVA
70007,MARCO ANTÔNIO GOMES GONÇALVES
15650,TANEA MARIA TAVARES BRAGA
70200,CLÁUDIA GOMES TAVARES
36001,EDUARDO AUGUSTO PEREIRA SANT ANA
20654,JOSE FABIANO PINTO SARAIVA
17666,GILCIARA ADRIANA DA SILVA BATISTA
45450,LUCAS RODRIGUES DE ALKMIN
45049,VALMIR OLIVEIRA ALVES
13333,GILBERTO AZEREDO GOMES
33123,AMARO FRANCISCO DAS CHAGAS PINTO FILHO
70101,MARIA CLÁUDIA FREIRE DE OLIVEIRA
36193,EDUARDO PACHECO TERRA
45173,DIRLEY DO CARMO RANGEL
13013,ANA LÚCIA DE SOUZA
90333,THIAGO RANGEL LIMA
19099,ANNA HELENA SIQUEIRA TEIXEIRA
12978,SOLANGE DOS SANTOS CALDAS
19678,HENRIQUE SANTANA AZEREDO
77233,GILMARA CORDEIRO DE AZEVEDO
15111,NILTON CESAR HENRIQUES MOREIRA
15190,CRISTIANO GOMES DO NASCIMENTO
20620,MAICON SILVA DA CRUZ
12554,MARCELLE SEVERIANO JULIAO
77123,LUAN DO AMARAL DE AZEREDO
40140,LUIZ HENRIQUE TONHOQUI
28137,EVA VALERIA ASSIS DE NAZARETH
17007,MARCO ANTONIO CRISPIM DE HOLANDA
25122,JOACYR DE SOUZA CONCEIÇÃO
33003,LUCIANA DA SILVA DORNELAS
10444,DANIEL FERREIRA DE SOUZA
17270,ANTONIO MARCOS DE OLIVEIRA BRAGA
55540,EULINE ALVES
51515,ROZELI APOLINÁRIO DA PENHA
10001,ALESSANDRO FRANCISCO DE ALMEIDA
33192,DORCAS MATIAS GOMES DOS SANTOS
90901,CARLOS ADRIANO PESSANHA PEIXOTO
17167,BENEDITO JOSE DE SOUZA SÁ
33127,ELIANE BRAGA FLORINDA
12051,SILVIA LETICIA RODRIGUES MIRANDA
28628,GELCIO FERREIRA MENDES
15234,SABRINA MACHADO ROCHA
15150,ANILZA DE SOUZA MACHADO
23222,FABIO JOSE NETO SIQUEIRA
25111,LUIZ FELIPE PEREIRA DA SILVA
65123,REINALDO BARROSO DE SOUZA
14789,VALDEIA TEIXEIRA BATISTA SILVA
70654,VITOR LUIS DE SOUZA VIANA
10111,THIAGO PEREIRA FERNANDES
10010,MAICON ROSA BRAGA
10999,GERMANDO LOPES DOS SANTOS
40456,PEDRO LEOPOLDO GOMES MACEDO PESSANHA
90017,CAMILA DA SILVA DE SOUZA
18777,FREDERICO HENRIQUE GONÇALVES
15700,CAROLINA DOMINGUES BENTO BARBOSA
27123,LUCIANE DOS SANTOS PEIXOTO
55444,CAMILA SILVA DOS SANTOS FERNANDES RUBIM
33234,ADRIANA BASTOS COUTINHO
40211,JOCIMAR GONÇALVES LISBOA
28111,SELMIR JOSÉ COSTA
12456,ROBERVAL SOUZA DE LIMA
20195,REGINA CELIA SOUZA DA SILVA CARLOS
14014,CLÁUDIO NOGUEIRA ANDRADE FILHO
14012,JAIRO VIDEIRA MACEDO
36199,MARCELO TRINDADE BATISTA
55455,AMARO ALVES DE AZEVEDO NETO
40467,GENILCE FERREIRA PAES
22555,MARIA LUCIA DOS SANTOS GUERRA
77211,NILCÉA MARIA AZEVEDO DA SILVA MACHADO
40000,LUIZA NOGUEIRA SIMÕES COBUCI
19029,ERMINIA CARLA SOUZA FERREIRA
65100,ANTÔNIO SÉRGIO GOMES MANHÃES
45999,ROBERTA DE JESUS ALMEIDA BERDEAL MATOS
14567,ANGELICA CARVALHO ANSELMO
14190,PAULO CESAR GENÁSIO DE SOUZA
18789,RAIMUNDA PEREIRA
28777,JONAS FARIA DA SILVA
20777,CASSYO DE AZEVEDO ARAÚJO
17033,JOCINEA DA CONCEIÇÃO RIBEIRO
70070,PAULO ROBERTO PEREIRA GOMES
27000,FABIANO DA SILVA CESÁRIO
15193,JOSIMAR SILVA TAVARES
22100,MARCO AURELIO DA CONCEIÇÃO
19155,SILVANA CRISTINA BARCELLOS DE AZEVEDO LIMA
35065,NATHALIE NEVES DA SILVA
14145,FERNANDO LEITE FERNANDES
12345,ANA PAULA OLIVEIRA PAIVA
17174,RENATA ROSA DE SOUZA
14556,HYGOR QUEIROZ PINTO
14440,MARLUCIA FERREIRA DA ROSA
33133,CARLOS DE MIRANDA BARRETO
19456,PAULO LISBÔA COIMBRA
45451,GILZA BOURGUIGNON SOUZA
33555,ELISANGELA MARIA DA SILVA
28280,MARGARETH XAVIER
12008,ROBSON PEIXOTO
51999,EDIVALDO VIEIRA DE AZEVEDO
35200,PAULO ROBERTO DA SILVA
70111,JOSÉ ARMANDO GOMES PIMENTA
90016,PEDRO PAULO CORREA AZEREDO
12100,WOLUSTON GOMES CELESTINO
35321,MARCELO FERREIRA GAMA
90547,PAULO CESAR LIMA DE ABREU
15678,GUSTAVO CRÊSPO DA MOTA
36876,JANAINA RODRIGUES RAMOS
40555,TATICHANA CARNEIRO DE SOUZA
77020,NEUCY BARBOSA
20852,LUCIANO ALMEIDA ESCÁFURA DE OLIVEIRA
19321,JOVANI DA CONCEIÇÃO DONATO
90000,MARLON ANDREWS DA SILVA
12777,HUGO PEREIRA SIQUEIRA
10038,JOAO MARCELO RAMOS DE SOUZA SA
51444,JERFESON ARAUJO DA SILVA
55340,FABRICIO CHAGAS RIBEIRO
77999,MARCOS ANDRE FONSECA DOS SANTOS
90456,ALESSANDRA CRESPO ROSA
15123,SILVIO ROBERTO DE OLIVEIRA MARTINS
40333,ROBERTO CORNÉLIO CAETANO
45456,JORGE ANTONIO PAULUCIO
17555,LEANDRO DA ROCHA SILVA
15022,NILO SERGIO DA SILVA PESSANHA FILHO
10380,ALESSANDRO COUTO MOTHÉ
12222,LUIZ AUGUSTO DA SILVA MANHAES
45012,VICENTE JOQUIM CORDEIRO DE AZEVEDO
22456,KELLY SIMONE DE OLIVIEIRA SANTOS
40369,CÁTIA MARIA DE OLIVEIRA DE MELLO
90010,UANDERSON BARRETO DE SOUZA
20013,CINTIA FORTUNATO DA SILVA MACHADO
13343,ADÃO ELIAS DE SOUZA CARVALHO
17333,ANDERSON SANTOS MORAIS ANDRADE
15513,MARCELO LEOPOLDINO
12789,CLAUDINEY RODRIGUES DE SOUZA
65555,PAULO GUILHERME SILVA BARRETO
45650,DARLENE MARA PINHEIRO DA SILVA SIMOES
55100,EVERALDO ROGERIO GRASSINI
65193,FERNANDO DA SILVA CARNEIRO
77789,MARCOS VIEIRA BACELLAR
22987,LEANDRO HENRIQUE MACHADO DA SILVA
36500,JOSIAS JOSÉ DA SILVA
15200,PAULO ROBERTO CARVALHO MANHAES
90789,WALLAS PESSANHA DA SILVA
77234,HERMENEGILDO GRASSINI NETO
14557,LENILZA GOMES PESSANHA BARRETO
70377,REGINA CÉLIA ALVES DA SILVA MACEDO
28556,DOMINGOS GOMES DE DEUS NETO
55123,ALVARO HENRIQUE DE SOUZA OLIVEIRA
18011,FÁBIO GERALDO PINTO SEBASTIÃO OLÍMPIO
51777,MARCIA CRISTINA LISBOA
51000,RICARDO DA SILVA RODRIGUES
77789,MARCOS DA SILVA BACELLAR
40192,ENOCK AMARAL OLIVEIRA
12313,JOSÉ RONALDO PEREIRA DO NASCIMENTO
17890,FLORISVALDO DE OLIVEIRA
15789,CARLOS ISAIAS VIEIRA DE AZEREDO
25789,JORGE DOS SANTOS OLIVEIRA
33033,NILSON DA SILVA FRANÇA
33444,FLÁVIO MARTINS DA SILVA
17234,KEFFREN VIEIRA DOS SANTOS
35135,EDNA ADRIANA HENRIQUE CALDAS
15788,ALEXANDRE ALMEIDA DE SOUZA
23444,CARLOS MARCIO CRISPIM RANGEL
77055,ROSÂNGELA GOMES PAULO
33500,MARIA AUGUSTA DA SILVA ROSA CAMPOS
77077,FABRICIO ALVES BERSOT
14555,ELIZETE MONTEIRO
14195,CARINA MORAES DE OLIVEIRA PINTO
27168,IVAN SILVA DE SOUZA
70145,AERTON LUIS PESSANHA
17410,CELIO LUIZ MACHADO AMERICO
20345,ROBERTA RIBEIRO DA GAMA
33178,ERIKA FABRICIA OLIVEIRA PEIXOTO
45055,JOSE JORGE NOGUEIRA DE SOUZA
20011,CLAUDENICE CORDEIRO HONORATO
17489,WALFREDES PEREIRA LOPES
18038,TEREZA RAQUEL VICENTE CABRAL PAES
14000,RAPHAEL ELBAS NERI DE THUIN
90777,AMÉRICO FIGUEIREDO DE SOUZA
90135,TELSON PEREIRA
14777,ANDRÉ LUIS DOS SANTOS FREITAS
45017,THALES SANTOS RANGEL
77333,LEONARDO ARUEIRA FERREIRA
45120,DILSON DE ARAUJO VIEIRA
90077,CHARLES ALVES BOA MORTE
36063,JANE AMARAL GOMES
20963,IVANA DE SOUZA PEREIRA
28123,ÁLVARO CÉSAR GOMES FARIA
65055,WALQUER DAVILA PESSANHA JORGE
36744,ERIKA DOS SANTOS PESSANHA RIBEIRO
19900,JOUBERT RODRIGUES DE REZENDE
45710,ENILSON PESSANHA NUNES
12012,THIAGO LIMA DE SEIXAS
45213,GENILZA CAETANO SIQUEIRA
20513,IRANIO MARCOS MONTEIRO
70123,ANDRÉ LUIS GOMES DE CARVALHO
19055,CASSIANO RICARDO MANHÃES
33356,BENEDITO ALVES VIRGINIO
17000,BRUNO CORDEIRO VIANNA
45323,DIEGO ANOMAL DOS SANTOS
23024,KAIO DOS SANTOS
20633,JOSE ROBSON DOMINGUES TAVARES
14800,RITA DE CASSIA BARBOSA MOTHE
12500,AYME CRISTINA RIBEIRO BARROSO LISBOA
14111,CARLOS MAGNO MAGALHÃES TAVARES
23023,RODRIGO THOMAZ DA SILVA
90023,MARIA DE FÁTIMA BRAGA PEREIRA
28028,JOSÉ LUIZ VILLAR
55345,ADRIANO FREITAS MONTEIRO
45060,AILZA RIBEIRO BAPTISTA
18456,EDSON DE AZEVEDO RODRIGUES
40561,JOSILENE SOUZA
55111,KASSIANO JOSE TAVARES DE SOUZA
65111,RAMIRES PAES SEABRA
40040,ALONSO BARTOLAZZI BARBOSA
45123,MANOEL FRANCISCO DE FREITAS SALES
77456,KARINA SOUZA DEOLINDO
20200,HUGO LEONARDO DOS SANTOS AZEREDO
15100,LOANA RIOS ANDRADE LIMA
70777,ANDRÉ LUIZ GOMES DE OLIVEIRA
45151,ESTHER CARDOSO DO ROSARIO MAIA
10719,MARCOS LUCAS OLIVEIRA SOUZA DA SILVA
12300,FRANKCILIAN SCALA VIANA
25025,FABRÍCIO VIANA GUIMARÃES
28789,RODRIGO SANTOS BASILIO
10190,LAURILENE PEREIRA
28422,RODRIGO MARTINS DOS SANTOS
12678,PAULO SERGIO ARANTES DE OLIVEIRA
25555,HUGO FRANCIS RIBEIRO DE CASTRO
90090,JULIANO ROSA RIBEIRO
10000,CARLOS VICTOR DE CARVALHO
90123,DAYANA RIBEIRO DOS SANTOS LYRIO
33222,JERFFISON MACHADO GOMES MACIEL
77120,CLAUDIO CAMPISTA NEVES
70331,ADENILSON BASTOS NETO
77855,FABIO CORDEIRO DA SILVA
55369,JODINEA MELO MAURICIO CESARIO
35123,MARCIO ROBERTO TEIXEIRA BASTOS
20220,MARIANA GOMES MACEDO PESSANHA
12112,GLAURA CORREA DE ALMEIDA
90999,FERNANDO ALMEIDA VIEIRA JUNIOR
27133,ALCEMIR RODRIGUES DA SILVA
14448,LEONARDO VENTAPANI PEREIRA
40123,ROBSON DA SILVA WILLEMEN
23233,JOSE ARMANDO RIBEIRO BARRETO
65999,JOSETH BRAVO MARQUES
36190,ROSEMBERG CARLOS DA SILVEIRA
23300,ELIETE BRAGANÇA LIMA DE CARVALHO
40444,MARIA INÊS PEREIRA RIBEIRO MOREIRA
23193,FRANCISCO CARLOS AZEVEDO DE SOUZA
23905,MARTA REGINA NASCIMENTO DE OLIVEIRA
23852,JOSIAS FIUZA
45011,JOAO ANTONIO SILVA VILCHES DE SOUZA
15555,GUILHERME TERRA CABRAL
22234,ANTONIO CARLOS REBEL ALBERNAZ
17123,LUIZ ALBERTO DE OLIVEIRA MENEZES
22211,ANTONIO GUIMARAES DA SILVA
65678,MARY JANE DE MORAES RAMOS ARAUJO
10987,LEANDRO BELIENE VIEIRA CORDEIRO
33456,WALTER DAS NEVES
55888,JULIO CESAR XAVIER RIBEIRO
28125,PAULO CESAR AZEVEDO DE SÁ
19193,LEONIO ROCHA HENRIQUES JUNIOR
18999,TOMAZ FRANCISCO DA SILVA RANGEL
17034,ISABEL CRISTINA DOS SANTOS PEIXOTO
12050,ALEXANDRE VIANA LOURENÇO LIMA
18418,CLEIDE CAXIAS GOMES
12653,WELBER DA SILVA SOUZA
36611,DIEGO DE FREITAS CARVALHO
77012,ALEX SANDRO DA SILVA
20555,AGAI LUIZA
17001,MARCELO LUIZ DE SOUZA RANGEL
40004,CARLOS EDUARDO BARRETO SEABRA
40137,MARIA DE FÁTIMA NOGUEIRA BARRETO
14455,GENILSON BARRETO DA SILVA
33190,MARIA CECILIA DIAS CARDOSO
35035,SCHEILLA MARIA FRAGA LISBOA
25345,ROGERIO FERNANDES RIBEIRO GOMES
20012,MARLON GUIDO DA SILVA AZEREDO
15300,ROSEMARY GOMES DA SILVA
12333,GILSON RIBEIRO OLIVEIRA GOMES
28190,WANDER LUGON MALAFAIA
36345,LUCIMAR PEREIRA DE CARVALHO
14558,JORGE LUIZ VIANA DE OLIVEIRA
